filename,class_id
class_00_000.png,0
class_00_001.png,0
class_01_000.png,1
class_01_001.png,1
class_02_000.png,2
class_02_001.png,2
class_03_000.png,3
class_03_001.png,3
class_04_000.png,4
class_04_001.png,4
class_05_000.png,5
class_05_001.png,5
class_06_000.png,6
class_06_001.png,6
class_07_000.png,7
class_07_001.png,7
class_08_000.png,8
class_08_001.png,8
class_09_000.png,9
class_09_001.png,9
class_10_000.png,10
class_10_001.png,10
class_11_000.png,11
class_11_001.png,11
class_12_000.png,12
class_12_001.png,12
class_13_000.png,13
class_13_001.png,13
class_14_000.png,14
class_14_001.png,14
class_15_000.png,15
class_15_001.png,15
class_16_000.png,16
class_16_001.png,16
class_17_000.png,17
class_17_001.png,17
class_18_000.png,18
class_18_001.png,18
class_19_000.png,19
class_19_001.png,19
class_20_000.png,20
class_20_001.png,20
class_21_000.png,21
class_21_001.png,21
class_22_000.png,22
class_22_001.png,22
class_23_000.png,23
class_23_001.png,23
class_24_000.png,24
class_24_001.png,24
class_25_000.png,25
class_25_001.png,25
class_26_000.png,26
class_26_001.png,26
class_27_000.png,27
class_27_001.png,27
class_28_000.png,28
class_28_001.png,28
class_29_000.png,29
class_29_001.png,29
class_30_000.png,30
class_30_001.png,30
class_31_000.png,31
class_31_001.png,31
class_32_000.png,32
class_32_001.png,32
class_33_000.png,33
class_33_001.png,33
class_34_000.png,34
class_34_001.png,34
class_35_000.png,35
class_35_001.png,35
class_36_000.png,36
class_36_001.png,36
class_37_000.png,37
class_37_001.png,37
class_38_000.png,38
class_38_001.png,38
class_39_000.png,39
class_39_001.png,39
class_40_000.png,40
class_40_001.png,40
class_41_000.png,41
class_41_001.png,41
class_42_000.png,42
class_42_001.png,42
class_43_000.png,43
class_43_001.png,43
class_44_000.png,44
class_44_001.png,44
class_45_000.png,45
class_45_001.png,45
class_46_000.png,46
class_46_001.png,46
class_47_000.png,47
class_47_001.png,47
class_48_000.png,48
class_48_001.png,48
class_49_000.png,49
class_49_001.png,49
class_50_000.png,50
class_50_001.png,50
class_51_000.png,51
class_51_001.png,51
class_52_000.png,52
class_52_001.png,52
class_53_000.png,53
class_53_001.png,53
class_54_000.png,54
class_54_001.png,54
class_55_000.png,55
class_55_001.png,55
class_56_000.png,56
class_56_001.png,56
class_57_000.png,57
class_57_001.png,57
class_58_000.png,58
class_58_001.png,58
class_59_000.png,59
class_59_001.png,59
class_60_000.png,60
class_60_001.png,60
class_61_000.png,61
class_61_001.png,61
class_62_000.png,62
class_62_001.png,62
class_63_000.png,63
class_63_001.png,63
class_64_000.png,64
class_64_001.png,64
class_65_000.png,65
class_65_001.png,65
class_66_000.png,66
class_66_001.png,66
class_67_000.png,67
class_67_001.png,67
class_68_000.png,68
class_68_001.png,68
class_69_000.png,69
class_69_001.png,69
class_70_000.png,70
class_70_001.png,70
class_71_000.png,71
class_71_001.png,71
class_72_000.png,72
class_72_001.png,72
class_73_000.png,73
class_73_001.png,73
class_74_000.png,74
class_74_001.png,74
class_75_000.png,75
class_75_001.png,75
class_76_000.png,76
class_76_001.png,76
class_77_000.png,77
class_77_001.png,77
class_78_000.png,78
class_78_001.png,78
class_79_000.png,79
class_79_001.png,79
class_80_000.png,80
class_80_001.png,80
class_81_000.png,81
class_81_001.png,81
class_82_000.png,82
class_82_001.png,82
class_83_000.png,83
class_83_001.png,83
class_84_000.png,84
class_84_001.png,84
class_85_000.png,85
class_85_001.png,85
class_86_000.png,86
class_86_001.png,86
class_87_000.png,87
class_87_001.png,87
class_88_000.png,88
class_88_001.png,88
class_89_000.png,89
class_89_001.png,89
class_90_000.png,90
class_90_001.png,90
class_91_000.png,91
class_91_001.png,91
class_92_000.png,92
class_92_001.png,92
class_93_000.png,93
class_93_001.png,93
class_94_000.png,94
class_94_001.png,94
class_95_000.png,95
class_95_001.png,95
class_96_000.png,96
class_96_001.png,96
class_97_000.png,97
class_97_001.png,97
class_98_000.png,98
class_98_001.png,98
class_99_000.png,99
class_99_001.png,99
class_100_000.png,100
class_100_001.png,100
class_101_000.png,101
class_101_001.png,101
class_102_000.png,102
class_102_001.png,102
class_103_000.png,103
class_103_001.png,103
class_104_000.png,104
class_104_001.png,104
class_105_000.png,105
class_105_001.png,105
class_106_000.png,106
class_106_001.png,106
class_107_000.png,107
class_107_001.png,107
class_108_000.png,108
class_108_001.png,108
class_109_000.png,109
class_109_001.png,109
class_110_000.png,110
class_110_001.png,110
class_111_000.png,111
class_111_001.png,111
class_112_000.png,112
class_112_001.png,112
class_113_000.png,113
class_113_001.png,113
class_114_000.png,114
class_114_001.png,114
class_115_000.png,115
class_115_001.png,115
class_116_000.png,116
class_116_001.png,116
class_117_000.png,117
class_117_001.png,117
class_118_000.png,118
class_118_001.png,118
class_119_000.png,119
class_119_001.png,119
class_120_000.png,120
class_120_001.png,120
class_121_000.png,121
class_121_001.png,121
class_122_000.png,122
class_122_001.png,122
class_123_000.png,123
class_123_001.png,123
class_124_000.png,124
class_124_001.png,124
class_125_000.png,125
class_125_001.png,125
class_126_000.png,126
class_126_001.png,126
class_127_000.png,127
class_127_001.png,127
class_128_000.png,128
class_128_001.png,128
class_129_000.png,129
class_129_001.png,129
class_130_000.png,130
class_130_001.png,130
class_131_000.png,131
class_131_001.png,131
class_132_000.png,132
class_132_001.png,132
class_133_000.png,133
class_133_001.png,133
class_134_000.png,134
class_134_001.png,134
class_135_000.png,135
class_135_001.png,135
class_136_000.png,136
class_136_001.png,136
class_137_000.png,137
class_137_001.png,137
class_138_000.png,138
class_138_001.png,138
class_139_000.png,139
class_139_001.png,139
class_140_000.png,140
class_140_001.png,140
class_141_000.png,141
class_141_001.png,141
class_142_000.png,142
class_142_001.png,142
class_143_000.png,143
class_143_001.png,143
class_144_000.png,144
class_144_001.png,144
class_145_000.png,145
class_145_001.png,145
class_146_000.png,146
class_146_001.png,146
class_147_000.png,147
class_147_001.png,147
class_148_000.png,148
class_148_001.png,148
class_149_000.png,149
class_149_001.png,149
class_150_000.png,150
class_150_001.png,150
class_151_000.png,151
class_151_001.png,151
class_152_000.png,152
class_152_001.png,152
class_153_000.png,153
class_153_001.png,153
class_154_000.png,154
class_154_001.png,154
class_155_000.png,155
class_155_001.png,155
class_156_000.png,156
class_156_001.png,156
class_157_000.png,157
class_157_001.png,157
class_158_000.png,158
class_158_001.png,158
class_159_000.png,159
class_159_001.png,159
class_160_000.png,160
class_160_001.png,160
class_161_000.png,161
class_161_001.png,161
class_162_000.png,162
class_162_001.png,162
class_163_000.png,163
class_163_001.png,163
class_164_000.png,164
class_164_001.png,164
class_165_000.png,165
class_165_001.png,165
class_166_000.png,166
class_166_001.png,166
class_167_000.png,167
class_167_001.png,167
class_168_000.png,168
class_168_001.png,168
class_169_000.png,169
class_169_001.png,169
class_170_000.png,170
class_170_001.png,170
class_171_000.png,171
class_171_001.png,171
class_172_000.png,172
class_172_001.png,172
class_173_000.png,173
class_173_001.png,173
class_174_000.png,174
class_174_001.png,174
class_175_000.png,175
class_175_001.png,175
class_176_000.png,176
class_176_001.png,176
class_177_000.png,177
class_177_001.png,177
class_178_000.png,178
class_178_001.png,178
class_179_000.png,179
class_179_001.png,179
class_180_000.png,180
class_180_001.png,180
class_181_000.png,181
class_181_001.png,181
class_182_000.png,182
class_182_001.png,182
class_183_000.png,183
class_183_001.png,183
class_184_000.png,184
class_184_001.png,184
class_185_000.png,185
class_185_001.png,185
class_186_000.png,186
class_186_001.png,186
class_187_000.png,187
class_187_001.png,187
class_188_000.png,188
class_188_001.png,188
class_189_000.png,189
class_189_001.png,189
class_190_000.png,190
class_190_001.png,190
class_191_000.png,191
class_191_001.png,191
class_192_000.png,192
class_192_001.png,192
class_193_000.png,193
class_193_001.png,193
class_194_000.png,194
class_194_001.png,194
class_195_000.png,195
class_195_001.png,195
class_196_000.png,196
class_196_001.png,196
class_197_000.png,197
class_197_001.png,197
class_198_000.png,198
class_198_001.png,198
class_199_000.png,199
class_199_001.png,199
class_200_000.png,200
class_200_001.png,200
class_201_000.png,201
class_201_001.png,201
class_202_000.png,202
class_202_001.png,202
class_203_000.png,203
class_203_001.png,203
class_204_000.png,204
class_204_001.png,204
class_205_000.png,205
class_205_001.png,205
class_206_000.png,206
class_206_001.png,206
class_207_000.png,207
class_207_001.png,207
class_208_000.png,208
class_208_001.png,208
class_209_000.png,209
class_209_001.png,209
class_210_000.png,210
class_210_001.png,210
class_211_000.png,211
class_211_001.png,211
class_212_000.png,212
class_212_001.png,212
class_213_000.png,213
class_213_001.png,213
class_214_000.png,214
class_214_001.png,214
class_215_000.png,215
class_215_001.png,215
class_216_000.png,216
class_216_001.png,216
class_217_000.png,217
class_217_001.png,217
class_218_000.png,218
class_218_001.png,218
class_219_000.png,219
class_219_001.png,219
class_220_000.png,220
class_220_001.png,220
class_221_000.png,221
class_221_001.png,221
class_222_000.png,222
class_222_001.png,222
class_223_000.png,223
class_223_001.png,223
class_224_000.png,224
class_224_001.png,224
class_225_000.png,225
class_225_001.png,225
class_226_000.png,226
class_226_001.png,226
class_227_000.png,227
class_227_001.png,227
class_228_000.png,228
class_228_001.png,228
class_229_000.png,229
class_229_001.png,229
class_230_000.png,230
class_230_001.png,230
class_231_000.png,231
class_231_001.png,231
class_232_000.png,232
class_232_001.png,232
class_233_000.png,233
class_233_001.png,233
class_234_000.png,234
class_234_001.png,234
class_235_000.png,235
class_235_001.png,235
class_236_000.png,236
class_236_001.png,236
class_237_000.png,237
class_237_001.png,237
class_238_000.png,238
class_238_001.png,238
class_239_000.png,239
class_239_001.png,239
class_240_000.png,240
class_240_001.png,240
class_241_000.png,241
class_241_001.png,241
class_242_000.png,242
class_242_001.png,242
class_243_000.png,243
class_243_001.png,243
class_244_000.png,244
class_244_001.png,244
class_245_000.png,245
class_245_001.png,245
class_246_000.png,246
class_246_001.png,246
class_247_000.png,247
class_247_001.png,247
class_248_000.png,248
class_248_001.png,248
class_249_000.png,249
class_249_001.png,249
class_250_000.png,250
class_250_001.png,250
class_251_000.png,251
class_251_001.png,251
class_252_000.png,252
class_252_001.png,252
class_253_000.png,253
class_253_001.png,253
class_254_000.png,254
class_254_001.png,254
class_255_000.png,255
class_255_001.png,255
class_256_000.png,256
class_256_001.png,256
class_257_000.png,257
class_257_001.png,257
class_258_000.png,258
class_258_001.png,258
class_259_000.png,259
class_259_001.png,259
class_260_000.png,260
class_260_001.png,260
class_261_000.png,261
class_261_001.png,261
class_262_000.png,262
class_262_001.png,262
class_263_000.png,263
class_263_001.png,263
class_264_000.png,264
class_264_001.png,264
class_265_000.png,265
class_265_001.png,265
class_266_000.png,266
class_266_001.png,266
class_267_000.png,267
class_267_001.png,267
class_268_000.png,268
class_268_001.png,268
class_269_000.png,269
class_269_001.png,269
class_270_000.png,270
class_270_001.png,270
class_271_000.png,271
class_271_001.png,271
class_272_000.png,272
class_272_001.png,272
class_273_000.png,273
class_273_001.png,273
class_274_000.png,274
class_274_001.png,274
class_275_000.png,275
class_275_001.png,275
class_276_000.png,276
class_276_001.png,276
class_277_000.png,277
class_277_001.png,277
class_278_000.png,278
class_278_001.png,278
class_279_000.png,279
class_279_001.png,279
class_280_000.png,280
class_280_001.png,280
class_281_000.png,281
class_281_001.png,281
class_282_000.png,282
class_282_001.png,282
class_283_000.png,283
class_283_001.png,283
class_284_000.png,284
class_284_001.png,284
class_285_000.png,285
class_285_001.png,285
class_286_000.png,286
class_286_001.png,286
class_287_000.png,287
class_287_001.png,287
class_288_000.png,288
class_288_001.png,288
class_289_000.png,289
class_289_001.png,289
class_290_000.png,290
class_290_001.png,290
class_291_000.png,291
class_291_001.png,291
class_292_000.png,292
class_292_001.png,292
class_293_000.png,293
class_293_001.png,293
class_294_000.png,294
class_294_001.png,294
class_295_000.png,295
class_295_001.png,295
class_296_000.png,296
class_296_001.png,296
class_297_000.png,297
class_297_001.png,297
class_298_000.png,298
class_298_001.png,298
class_299_000.png,299
class_299_001.png,299
class_300_000.png,300
class_300_001.png,300
class_301_000.png,301
class_301_001.png,301
class_302_000.png,302
class_302_001.png,302
class_303_000.png,303
class_303_001.png,303
class_304_000.png,304
class_304_001.png,304
class_305_000.png,305
class_305_001.png,305
class_306_000.png,306
class_306_001.png,306
class_307_000.png,307
class_307_001.png,307
class_308_000.png,308
class_308_001.png,308
class_309_000.png,309
class_309_001.png,309
class_310_000.png,310
class_310_001.png,310
class_311_000.png,311
class_311_001.png,311
class_312_000.png,312
class_312_001.png,312
class_313_000.png,313
class_313_001.png,313
class_314_000.png,314
class_314_001.png,314
class_315_000.png,315
class_315_001.png,315
class_316_000.png,316
class_316_001.png,316
class_317_000.png,317
class_317_001.png,317
class_318_000.png,318
class_318_001.png,318
class_319_000.png,319
class_319_001.png,319
class_320_000.png,320
class_320_001.png,320
class_321_000.png,321
class_321_001.png,321
class_322_000.png,322
class_322_001.png,322
class_323_000.png,323
class_323_001.png,323
class_324_000.png,324
class_324_001.png,324
class_325_000.png,325
class_325_001.png,325
class_326_000.png,326
class_326_001.png,326
class_327_000.png,327
class_327_001.png,327
class_328_000.png,328
class_328_001.png,328
class_329_000.png,329
class_329_001.png,329
class_330_000.png,330
class_330_001.png,330
class_331_000.png,331
class_331_001.png,331
class_332_000.png,332
class_332_001.png,332
class_333_000.png,333
class_333_001.png,333
class_334_000.png,334
class_334_001.png,334
class_335_000.png,335
class_335_001.png,335
class_336_000.png,336
class_336_001.png,336
class_337_000.png,337
class_337_001.png,337
class_338_000.png,338
class_338_001.png,338
class_339_000.png,339
class_339_001.png,339
class_340_000.png,340
class_340_001.png,340
class_341_000.png,341
class_341_001.png,341
class_342_000.png,342
class_342_001.png,342
class_343_000.png,343
class_343_001.png,343
class_344_000.png,344
class_344_001.png,344
class_345_000.png,345
class_345_001.png,345
class_346_000.png,346
class_346_001.png,346
class_347_000.png,347
class_347_001.png,347
class_348_000.png,348
class_348_001.png,348
class_349_000.png,349
class_349_001.png,349
class_350_000.png,350
class_350_001.png,350
class_351_000.png,351
class_351_001.png,351
class_352_000.png,352
class_352_001.png,352
class_353_000.png,353
class_353_001.png,353
class_354_000.png,354
class_354_001.png,354
class_355_000.png,355
class_355_001.png,355
class_356_000.png,356
class_356_001.png,356
class_357_000.png,357
class_357_001.png,357
class_358_000.png,358
class_358_001.png,358
class_359_000.png,359
class_359_001.png,359
class_360_000.png,360
class_360_001.png,360
class_361_000.png,361
class_361_001.png,361
class_362_000.png,362
class_362_001.png,362
class_363_000.png,363
class_363_001.png,363
class_364_000.png,364
class_364_001.png,364
class_365_000.png,365
class_365_001.png,365
class_366_000.png,366
class_366_001.png,366
class_367_000.png,367
class_367_001.png,367
class_368_000.png,368
class_368_001.png,368
class_369_000.png,369
class_369_001.png,369
class_370_000.png,370
class_370_001.png,370
class_371_000.png,371
class_371_001.png,371
class_372_000.png,372
class_372_001.png,372
class_373_000.png,373
class_373_001.png,373
class_374_000.png,374
class_374_001.png,374
class_375_000.png,375
class_375_001.png,375
class_376_000.png,376
class_376_001.png,376
class_377_000.png,377
class_377_001.png,377
class_378_000.png,378
class_378_001.png,378
class_379_000.png,379
class_379_001.png,379
class_380_000.png,380
class_380_001.png,380
class_381_000.png,381
class_381_001.png,381
class_382_000.png,382
class_382_001.png,382
class_383_000.png,383
class_383_001.png,383
class_384_000.png,384
class_384_001.png,384
class_385_000.png,385
class_385_001.png,385
class_386_000.png,386
class_386_001.png,386
class_387_000.png,387
class_387_001.png,387
class_388_000.png,388
class_388_001.png,388
class_389_000.png,389
class_389_001.png,389
class_390_000.png,390
class_390_001.png,390
class_391_000.png,391
class_391_001.png,391
class_392_000.png,392
class_392_001.png,392
class_393_000.png,393
class_393_001.png,393
class_394_000.png,394
class_394_001.png,394
class_395_000.png,395
class_395_001.png,395
class_396_000.png,396
class_396_001.png,396
class_397_000.png,397
class_397_001.png,397
class_398_000.png,398
class_398_001.png,398
class_399_000.png,399
class_399_001.png,399
class_400_000.png,400
class_400_001.png,400
class_401_000.png,401
class_401_001.png,401
class_402_000.png,402
class_402_001.png,402
class_403_000.png,403
class_403_001.png,403
class_404_000.png,404
class_404_001.png,404
class_405_000.png,405
class_405_001.png,405
class_406_000.png,406
class_406_001.png,406
class_407_000.png,407
class_407_001.png,407
class_408_000.png,408
class_408_001.png,408
class_409_000.png,409
class_409_001.png,409
class_410_000.png,410
class_410_001.png,410
class_411_000.png,411
class_411_001.png,411
class_412_000.png,412
class_412_001.png,412
class_413_000.png,413
class_413_001.png,413
class_414_000.png,414
class_414_001.png,414
class_415_000.png,415
class_415_001.png,415
class_416_000.png,416
class_416_001.png,416
class_417_000.png,417
class_417_001.png,417
class_418_000.png,418
class_418_001.png,418
class_419_000.png,419
class_419_001.png,419
class_420_000.png,420
class_420_001.png,420
class_421_000.png,421
class_421_001.png,421
class_422_000.png,422
class_422_001.png,422
class_423_000.png,423
class_423_001.png,423
class_424_000.png,424
class_424_001.png,424
class_425_000.png,425
class_425_001.png,425
class_426_000.png,426
class_426_001.png,426
class_427_000.png,427
class_427_001.png,427
class_428_000.png,428
class_428_001.png,428
class_429_000.png,429
class_429_001.png,429
class_430_000.png,430
class_430_001.png,430
class_431_000.png,431
class_431_001.png,431
class_432_000.png,432
class_432_001.png,432
class_433_000.png,433
class_433_001.png,433
class_434_000.png,434
class_434_001.png,434
class_435_000.png,435
class_435_001.png,435
class_436_000.png,436
class_436_001.png,436
class_437_000.png,437
class_437_001.png,437
class_438_000.png,438
class_438_001.png,438
class_439_000.png,439
class_439_001.png,439
class_440_000.png,440
class_440_001.png,440
class_441_000.png,441
class_441_001.png,441
class_442_000.png,442
class_442_001.png,442
class_443_000.png,443
class_443_001.png,443
class_444_000.png,444
class_444_001.png,444
class_445_000.png,445
class_445_001.png,445
class_446_000.png,446
class_446_001.png,446
class_447_000.png,447
class_447_001.png,447
class_448_000.png,448
class_448_001.png,448
class_449_000.png,449
class_449_001.png,449
class_450_000.png,450
class_450_001.png,450
class_451_000.png,451
class_451_001.png,451
class_452_000.png,452
class_452_001.png,452
class_453_000.png,453
class_453_001.png,453
class_454_000.png,454
class_454_001.png,454
class_455_000.png,455
class_455_001.png,455
class_456_000.png,456
class_456_001.png,456
class_457_000.png,457
class_457_001.png,457
class_458_000.png,458
class_458_001.png,458
class_459_000.png,459
class_459_001.png,459
class_460_000.png,460
class_460_001.png,460
class_461_000.png,461
class_461_001.png,461
class_462_000.png,462
class_462_001.png,462
class_463_000.png,463
class_463_001.png,463
class_464_000.png,464
class_464_001.png,464
class_465_000.png,465
class_465_001.png,465
class_466_000.png,466
class_466_001.png,466
class_467_000.png,467
class_467_001.png,467
class_468_000.png,468
class_468_001.png,468
class_469_000.png,469
class_469_001.png,469
class_470_000.png,470
class_470_001.png,470
class_471_000.png,471
class_471_001.png,471
class_472_000.png,472
class_472_001.png,472
class_473_000.png,473
class_473_001.png,473
class_474_000.png,474
class_474_001.png,474
class_475_000.png,475
class_475_001.png,475
class_476_000.png,476
class_476_001.png,476
class_477_000.png,477
class_477_001.png,477
class_478_000.png,478
class_478_001.png,478
class_479_000.png,479
class_479_001.png,479
class_480_000.png,480
class_480_001.png,480
class_481_000.png,481
class_481_001.png,481
class_482_000.png,482
class_482_001.png,482
class_483_000.png,483
class_483_001.png,483
class_484_000.png,484
class_484_001.png,484
class_485_000.png,485
class_485_001.png,485
class_486_000.png,486
class_486_001.png,486
class_487_000.png,487
class_487_001.png,487
class_488_000.png,488
class_488_001.png,488
class_489_000.png,489
class_489_001.png,489
class_490_000.png,490
class_490_001.png,490
class_491_000.png,491
class_491_001.png,491
class_492_000.png,492
class_492_001.png,492
class_493_000.png,493
class_493_001.png,493
class_494_000.png,494
class_494_001.png,494
class_495_000.png,495
class_495_001.png,495
class_496_000.png,496
class_496_001.png,496
class_497_000.png,497
class_497_001.png,497
class_498_000.png,498
class_498_001.png,498
class_499_000.png,499
class_499_001.png,499
class_500_000.png,500
class_500_001.png,500
class_501_000.png,501
class_501_001.png,501
class_502_000.png,502
class_502_001.png,502
class_503_000.png,503
class_503_001.png,503
class_504_000.png,504
class_504_001.png,504
class_505_000.png,505
class_505_001.png,505
class_506_000.png,506
class_506_001.png,506
class_507_000.png,507
class_507_001.png,507
class_508_000.png,508
class_508_001.png,508
class_509_000.png,509
class_509_001.png,509
class_510_000.png,510
class_510_001.png,510
class_511_000.png,511
class_511_001.png,511
class_512_000.png,512
class_512_001.png,512
class_513_000.png,513
class_513_001.png,513
class_514_000.png,514
class_514_001.png,514
class_515_000.png,515
class_515_001.png,515
class_516_000.png,516
class_516_001.png,516
class_517_000.png,517
class_517_001.png,517
class_518_000.png,518
class_518_001.png,518
class_519_000.png,519
class_519_001.png,519
class_520_000.png,520
class_520_001.png,520
class_521_000.png,521
class_521_001.png,521
class_522_000.png,522
class_522_001.png,522
class_523_000.png,523
class_523_001.png,523
class_524_000.png,524
class_524_001.png,524
class_525_000.png,525
class_525_001.png,525
class_526_000.png,526
class_526_001.png,526
class_527_000.png,527
class_527_001.png,527
class_528_000.png,528
class_528_001.png,528
class_529_000.png,529
class_529_001.png,529
class_530_000.png,530
class_530_001.png,530
class_531_000.png,531
class_531_001.png,531
class_532_000.png,532
class_532_001.png,532
class_533_000.png,533
class_533_001.png,533
class_534_000.png,534
class_534_001.png,534
class_535_000.png,535
class_535_001.png,535
class_536_000.png,536
class_536_001.png,536
class_537_000.png,537
class_537_001.png,537
class_538_000.png,538
class_538_001.png,538
class_539_000.png,539
class_539_001.png,539
class_540_000.png,540
class_540_001.png,540
class_541_000.png,541
class_541_001.png,541
class_542_000.png,542
class_542_001.png,542
class_543_000.png,543
class_543_001.png,543
class_544_000.png,544
class_544_001.png,544
class_545_000.png,545
class_545_001.png,545
class_546_000.png,546
class_546_001.png,546
class_547_000.png,547
class_547_001.png,547
class_548_000.png,548
class_548_001.png,548
class_549_000.png,549
class_549_001.png,549
class_550_000.png,550
class_550_001.png,550
class_551_000.png,551
class_551_001.png,551
class_552_000.png,552
class_552_001.png,552
class_553_000.png,553
class_553_001.png,553
class_554_000.png,554
class_554_001.png,554
class_555_000.png,555
class_555_001.png,555
class_556_000.png,556
class_556_001.png,556
class_557_000.png,557
class_557_001.png,557
class_558_000.png,558
class_558_001.png,558
class_559_000.png,559
class_559_001.png,559
class_560_000.png,560
class_560_001.png,560
class_561_000.png,561
class_561_001.png,561
class_562_000.png,562
class_562_001.png,562
class_563_000.png,563
class_563_001.png,563
class_564_000.png,564
class_564_001.png,564
class_565_000.png,565
class_565_001.png,565
class_566_000.png,566
class_566_001.png,566
class_567_000.png,567
class_567_001.png,567
class_568_000.png,568
class_568_001.png,568
class_569_000.png,569
class_569_001.png,569
class_570_000.png,570
class_570_001.png,570
class_571_000.png,571
class_571_001.png,571
class_572_000.png,572
class_572_001.png,572
class_573_000.png,573
class_573_001.png,573
class_574_000.png,574
class_574_001.png,574
class_575_000.png,575
class_575_001.png,575
class_576_000.png,576
class_576_001.png,576
class_577_000.png,577
class_577_001.png,577
class_578_000.png,578
class_578_001.png,578
class_579_000.png,579
class_579_001.png,579
class_580_000.png,580
class_580_001.png,580
class_581_000.png,581
class_581_001.png,581
class_582_000.png,582
class_582_001.png,582
class_583_000.png,583
class_583_001.png,583
class_584_000.png,584
class_584_001.png,584
class_585_000.png,585
class_585_001.png,585
class_586_000.png,586
class_586_001.png,586
class_587_000.png,587
class_587_001.png,587
class_588_000.png,588
class_588_001.png,588
class_589_000.png,589
class_589_001.png,589
class_590_000.png,590
class_590_001.png,590
class_591_000.png,591
class_591_001.png,591
class_592_000.png,592
class_592_001.png,592
class_593_000.png,593
class_593_001.png,593
class_594_000.png,594
class_594_001.png,594
class_595_000.png,595
class_595_001.png,595
class_596_000.png,596
class_596_001.png,596
class_597_000.png,597
class_597_001.png,597
class_598_000.png,598
class_598_001.png,598
class_599_000.png,599
class_599_001.png,599
class_600_000.png,600
class_600_001.png,600
class_601_000.png,601
class_601_001.png,601
class_602_000.png,602
class_602_001.png,602
class_603_000.png,603
class_603_001.png,603
class_604_000.png,604
class_604_001.png,604
class_605_000.png,605
class_605_001.png,605
class_606_000.png,606
class_606_001.png,606
class_607_000.png,607
class_607_001.png,607
class_608_000.png,608
class_608_001.png,608
class_609_000.png,609
class_609_001.png,609
class_610_000.png,610
class_610_001.png,610
class_611_000.png,611
class_611_001.png,611
class_612_000.png,612
class_612_001.png,612
class_613_000.png,613
class_613_001.png,613
class_614_000.png,614
class_614_001.png,614
class_615_000.png,615
class_615_001.png,615
class_616_000.png,616
class_616_001.png,616
class_617_000.png,617
class_617_001.png,617
class_618_000.png,618
class_618_001.png,618
class_619_000.png,619
class_619_001.png,619
class_620_000.png,620
class_620_001.png,620
class_621_000.png,621
class_621_001.png,621
class_622_000.png,622
class_622_001.png,622
class_623_000.png,623
class_623_001.png,623
